Player,G,MP,TRB,AST,STL,BLK,TOV,PF,PTSâ–¼
Naz Mitrou-Long\mitrona01,1,1,0.0,0.0,0.0,0.0,0.0,0.0,108.0
David Stockton\stockda01,3,9,0.0,0.0,0.0,0.0,4.0,12.0,40.0
Edmond Sumner\sumneed01,1,2,18.0,0.0,0.0,0.0,0.0,18.0,36.0
James Harden\hardeja01,72,2551,5.5,8.9,1.8,0.7,4.4,2.4,30.9
Vince Hunter\huntevi01,4,7,15.4,0.0,0.0,5.1,5.1,0.0,30.9
Jonathan Gibson\gibsojo01,4,40,2.7,3.6,0.0,0.0,2.7,4.5,30.6
Stephen Curry\curryst01,51,1631,5.8,6.8,1.8,0.2,3.4,2.5,29.7
Anthony Davis\davisan02,75,2727,11.0,2.3,1.5,2.5,2.1,2.1,27.9
Kevin Durant\duranke01,68,2325,7.2,5.7,0.8,1.8,3.2,2.1,27.7
Kyrie Irving\irvinky01,60,1931,4.2,5.7,1.2,0.3,2.6,2.3,27.3
Joel Embiid\embiijo01,63,1912,13.0,3.7,0.8,2.1,4.4,3.9,27.2
Anthony Brown\brownan02,1,4,0.0,9.0,0.0,0.0,0.0,0.0,27.0
LeBron James\jamesle01,82,3026,8.4,8.9,1.4,0.8,4.1,1.6,26.8
Damian Lillard\lillada01,73,2670,4.4,6.5,1.0,0.4,2.8,1.6,26.5
Giannis Antetokounmpo\antetgi01,75,2756,9.8,4.7,1.4,1.4,2.9,3.0,26.3
MarShon Brooks\brookma01,7,193,3.9,4.7,2.1,0.6,3.0,1.1,26.3
Devin Booker\bookede01,54,1865,4.7,4.9,0.9,0.3,3.7,3.2,26.0
Jeremy Lin\linje01,1,25,0.0,5.8,0.0,0.0,4.3,4.3,25.9
Kristaps Porzingis\porzikr01,48,1553,7.3,1.3,0.8,2.7,2.2,3.3,25.2
DeMarcus Cousins\couside01,48,1737,12.8,5.3,1.6,1.6,5.0,3.8,25.1
Boban Marjanovic\marjabo01,39,337,15.4,2.4,1.1,1.2,3.8,5.4,25.1
Russell Westbrook\westbru01,80,2914,9.9,10.1,1.8,0.2,4.7,2.5,25.1
Kawhi Leonard\leonaka01,9,210,7.2,3.6,3.1,1.5,2.7,1.5,25.0
LaMarcus Aldridge\aldrila01,75,2509,9.1,2.2,0.6,1.3,1.6,2.3,24.9
Lou Williams\willilo02,79,2589,2.8,5.8,1.2,0.3,3.3,1.5,24.8
Victor Oladipo\oladivi01,75,2552,5.5,4.6,2.5,0.8,3.1,2.5,24.5
DeMar DeRozan\derozde01,80,2711,4.2,5.5,1.1,0.3,2.3,2.0,24.4
PJ Dozier\doziepj01,2,3,12.0,0.0,0.0,0.0,12.0,12.0,24.0
Montrezl Harrell\harremo01,76,1293,8.5,2.1,1.0,1.4,1.9,4.0,23.3
Kemba Walker\walkeke02,80,2736,3.2,5.8,1.2,0.3,2.4,1.3,23.3
Blake Griffin\griffbl01,58,1970,7.8,6.1,0.7,0.3,3.0,2.5,22.7
Kevin Love\loveke01,59,1651,11.9,2.2,0.9,0.5,2.0,2.6,22.7
Jameel Warney\warneja01,3,27,12.0,0.0,0.0,0.0,1.3,2.7,22.7
Tyreke Evans\evansty01,52,1607,5.9,6.0,1.3,0.4,2.6,2.2,22.6
Bradley Beal\bealbr01,82,2977,4.4,4.5,1.2,0.4,2.6,1.9,22.5
Dennis Schroder\schrode01,67,2078,3.6,7.2,1.2,0.1,3.2,2.5,22.5
Jordan Crawford\crawfjo02,5,53,2.7,8.8,0.7,0.7,3.4,4.8,22.4
Donovan Mitchell\mitchdo01,79,2638,4.0,4.0,1.6,0.4,2.9,2.9,22.1
Zach LaVine\lavinza01,24,656,5.2,4.0,1.3,0.2,2.4,3.0,22.0
Jimmy Butler\butleji01,59,2164,5.2,4.8,1.9,0.4,1.8,1.3,21.7
Julius Randle\randlju01,82,2190,10.7,3.5,0.7,0.7,3.5,4.5,21.7
D'Angelo Russell\russeda01,48,1234,5.5,7.3,1.1,0.5,4.3,2.7,21.7
Paul George\georgpa01,79,2891,5.6,3.3,2.0,0.5,2.6,2.9,21.6
Karl-Anthony Towns\townska01,82,2918,12.5,2.5,0.8,1.4,2.0,3.5,21.5
Jordan Clarkson\clarkjo01,81,1888,4.1,4.2,1.1,0.1,2.4,2.0,21.4
Marreese Speights\speigma01,52,675,7.1,2.1,0.4,1.2,2.1,5.7,21.4
T.J. Warren\warretj01,65,2142,5.6,1.4,1.1,0.7,1.4,2.5,21.4
Michael Beasley\beaslmi01,74,1653,9.0,2.7,0.8,0.9,3.1,3.2,21.3
CJ McCollum\mccolcj01,81,2923,4.0,3.3,0.9,0.4,1.9,2.1,21.3
Trey Burke\burketr01,36,785,3.3,7.8,1.1,0.2,2.0,2.0,21.1
Chris Paul\paulch01,58,1847,6.1,8.9,1.9,0.3,2.5,2.7,21.1
Bobby Portis\portibo01,73,1643,10.9,2.7,1.1,0.5,2.3,2.8,21.1
Klay Thompson\thompkl01,73,2506,4.0,2.7,0.8,0.5,1.8,1.7,21.0
Eric Gordon\gordoer01,69,2154,2.8,2.6,0.7,0.5,2.2,1.9,20.8
Nikola Mirotic\mirotni01,55,1494,9.8,1.9,1.1,0.9,1.5,2.6,20.7
Zach Randolph\randoza01,59,1508,9.5,3.0,1.0,0.2,2.8,2.8,20.5
Eric Bledsoe\bledser01,74,2322,4.4,5.7,2.3,0.7,3.3,2.9,20.4
Nikola Jokic\jokicni01,75,2443,11.8,6.7,1.3,0.9,3.1,3.1,20.4
J.J. Redick\redicjj01,70,2116,3.0,3.6,0.6,0.1,1.8,2.1,20.4
Jonas Valanciunas\valanjo01,77,1727,13.8,1.7,0.6,1.4,2.4,4.0,20.4
Isaiah Thomas\thomais02,32,862,2.8,6.4,0.6,0.1,4.0,2.4,20.3
John Wall\walljo01,41,1410,3.8,10.0,1.5,1.1,4.0,2.0,20.3
Tobias Harris\harrito02,80,2668,5.9,2.6,1.0,0.5,1.4,2.2,20.1
Nikola Vucevic\vucevni01,57,1683,11.2,4.1,1.2,1.3,2.3,3.1,20.1
Isaiah Whitehead\whiteis01,16,180,5.2,4.0,1.6,0.4,4.8,4.6,20.0
Ante Zizic\zizican01,32,214,10.1,0.8,0.3,2.2,1.9,5.0,20.0
Evan Fournier\fournev01,57,1837,3.5,3.2,0.9,0.3,1.9,2.7,19.9
Brook Lopez\lopezbr01,74,1735,6.1,2.6,0.6,2.0,2.0,4.1,19.9
Khris Middleton\middlkh01,82,2982,5.2,4.0,1.4,0.3,2.3,3.3,19.9
Hassan Whiteside\whiteha01,54,1364,16.3,1.4,1.0,2.5,2.4,3.5,19.9
Harrison Barnes\barneha02,77,2634,6.4,2.1,0.7,0.2,1.6,1.3,19.8
Mike Conley\conlemi01,12,373,2.6,4.7,1.2,0.3,1.7,2.3,19.8
Dwight Howard\howardw01,81,2463,14.8,1.5,0.7,1.9,3.0,3.7,19.7
Reggie Jackson\jacksre01,45,1201,3.7,7.1,0.8,0.1,3.0,2.6,19.7
Enes Kanter\kanteen01,71,1830,15.3,2.1,0.7,0.7,2.4,3.7,19.7
Goran Dragic\dragigo01,75,2378,4.6,5.4,1.0,0.2,2.5,2.7,19.6
Rodney Hood\hoodro01,60,1616,3.7,2.1,1.0,0.3,1.6,2.3,19.6
Johnathan Motley\motlejo01,11,176,10.0,1.4,0.6,0.4,1.8,3.7,19.6
Jusuf Nurkic\nurkiju01,79,2088,12.2,2.5,1.1,1.9,3.2,4.3,19.5
Aaron Gordon\gordoaa01,58,1909,8.6,2.6,1.1,0.8,2.0,2.1,19.3
Gerald Green\greenge01,41,929,5.2,1.0,0.9,0.6,1.2,3.4,19.3
Rudy Gay\gayru01,57,1231,8.5,2.1,1.3,1.1,2.3,2.9,19.2
Buddy Hield\hieldbu01,80,2024,5.5,2.8,1.5,0.4,2.2,2.6,19.2
Tim Hardaway\hardati02,57,1885,4.3,3.0,1.2,0.2,1.8,2.3,19.0
Jamal Murray\murraja01,81,2565,4.2,3.8,1.1,0.4,2.4,2.4,19.0
Jrue Holiday\holidjr01,81,2927,4.5,6.0,1.5,0.8,2.6,2.5,18.9
Jeremy Lamb\lambje01,80,1967,5.9,3.4,1.1,0.6,1.7,2.5,18.9
Jabari Parker\parkeja01,31,743,7.3,2.9,1.2,0.5,2.2,2.4,18.9
Marc Gasol\gasolma01,73,2408,8.9,4.6,0.8,1.5,2.9,2.8,18.8
C.J. Miles\milescj01,70,1337,4.1,1.5,1.0,0.6,1.1,3.6,18.8
Al Jefferson\jeffeal01,36,484,10.6,2.2,1.2,1.7,1.6,4.9,18.7
Trey Lyles\lylestr01,73,1391,9.0,2.4,0.8,0.9,1.6,2.9,18.7
Josh Jackson\jacksjo02,77,1959,6.5,2.2,1.5,0.6,2.7,4.0,18.6
Sean Kilpatrick\kilpase01,52,640,4.9,2.6,0.7,0.3,2.1,1.9,18.6
Kyle Kuzma\kuzmaky01,77,2401,7.2,2.1,0.7,0.5,2.1,2.4,18.6
Lauri Markkanen\markkla01,68,2020,9.1,1.4,0.7,0.7,1.5,1.8,18.4
Chris McCullough\mcculch01,19,90,10.0,1.6,0.0,2.0,0.8,3.2,18.4
Shabazz Muhammad\muhamsh01,43,418,6.5,1.2,0.8,0.3,0.5,2.6,18.4
Dennis Smith\smithde03,69,2049,4.6,6.3,1.2,0.3,3.4,2.7,18.4
Gary Harris\harriga01,67,2304,2.7,3.0,1.9,0.2,1.9,1.9,18.3
Marcus Morris\morrima03,54,1447,7.2,1.8,0.9,0.3,1.6,2.5,18.3
Carmelo Anthony\anthoca01,78,2501,6.5,1.5,0.7,0.7,1.4,2.8,18.2
Clint Capela\capelca01,74,2034,14.2,1.2,1.0,2.4,1.8,3.3,18.2
Kyle Lowry\lowryky01,78,2510,6.2,7.7,1.2,0.3,2.6,2.8,18.2
Dwight Buycks\buyckdw01,29,427,3.5,5.0,1.6,0.2,3.3,3.3,18.1
JaVale McGee\mcgeeja01,65,615,9.9,1.9,1.2,3.3,1.6,5.3,18.1
Greg Monroe\monrogr01,51,1040,12.1,3.9,1.5,0.8,3.3,3.3,18.1
J.J. Barea\bareajo01,69,1603,4.5,9.7,0.8,0.1,3.2,1.9,18.0
Marco Belinelli\belinma01,80,1947,2.8,2.7,1.2,0.2,1.7,1.7,18.0
Justin Patton\pattoju01,1,4,0.0,0.0,9.0,0.0,0.0,9.0,18.0
Jamal Crawford\crawfja01,80,1653,2.2,4.0,0.9,0.2,2.1,1.9,17.9
Willy Hernangomez\hernawi01,48,495,13.3,2.4,1.3,1.2,2.5,4.7,17.9
Jahlil Okafor\okafoja01,28,353,8.7,1.2,0.3,1.8,2.1,5.2,17.9
Derrick Rose\rosede01,25,420,3.0,3.2,0.6,0.3,3.0,1.4,17.9
Dwyane Wade\wadedw01,67,1536,5.9,5.3,1.4,1.1,3.3,2.9,17.9
Dario Saric\saricda01,78,2310,8.1,3.1,0.8,0.3,2.3,2.5,17.8
David West\westda01,73,999,8.6,5.0,1.7,2.7,2.9,4.3,17.8
Rondae Hollis-Jefferson\holliro01,68,1920,8.6,3.1,1.2,0.9,2.3,2.7,17.7
Malik Monk\monkma01,63,854,2.8,3.8,0.8,0.4,2.0,2.5,17.7
Mike James\jamesmi02,36,687,4.7,6.6,1.5,0.4,2.6,2.5,17.6
Dirk Nowitzki\nowitdi01,77,1900,8.3,2.3,0.8,0.9,1.0,2.8,17.6
Kelly Olynyk\olynyke01,76,1779,8.7,4.2,1.3,0.7,3.0,4.5,17.6
Adreian Payne\paynead01,5,43,7.5,0.0,1.7,0.0,1.7,5.0,17.6
Dante Exum\exumda01,14,235,4.0,6.6,1.2,0.5,3.1,3.1,17.5
Walt Lemon Jr.\lemonwa01,5,35,2.1,5.1,0.0,1.0,4.1,5.1,17.5
Paul Millsap\millspa01,38,1143,7.7,3.2,1.2,1.4,2.3,3.1,17.5
Andrew Wiggins\wiggian01,82,2979,4.3,1.9,1.1,0.6,1.7,2.0,17.5
Antonio Blakeney\blakean01,19,314,3.8,2.3,0.8,0.1,1.3,2.2,17.3
Brandon Ingram\ingrabr01,59,1975,5.7,4.2,0.8,0.8,2.7,3.0,17.3
Danilo Gallinari\gallida01,21,671,5.4,2.2,0.6,0.5,1.4,1.6,17.2
Wade Baldwin\baldwwa01,7,80,3.6,2.3,0.9,0.5,1.8,5.4,17.1
Frank Kaminsky\kaminfr01,79,1835,5.7,2.5,0.7,0.4,1.3,1.9,17.1
Domantas Sabonis\sabondo01,74,1810,11.4,3.0,0.8,0.6,2.7,4.4,17.1
Mike Scott\scottmi01,76,1406,6.3,2.0,0.6,0.3,2.0,3.8,17.1
Jonathon Simmons\simmojo02,69,2029,4.2,3.0,1.0,0.3,2.6,3.1,17.1
Will Barton\bartowi01,81,2683,5.5,4.4,1.1,0.7,2.0,2.3,17.0
Jaylen Brown\brownja02,70,2152,5.8,1.9,1.2,0.4,2.1,3.0,17.0
Wayne Selden\seldewa01,35,692,2.9,3.4,0.9,0.3,2.8,3.1,16.9
Ben Simmons\simmobe01,81,2732,8.7,8.7,1.8,0.9,3.7,2.8,16.9
Taurean Waller-Prince\princta02,82,2464,5.7,3.1,1.2,0.6,2.8,2.5,16.9
Kent Bazemore\bazemke01,65,1789,5.0,4.6,2.0,0.9,3.2,3.0,16.8
Alec Burks\burksal01,64,1059,6.5,2.3,1.3,0.3,2.0,2.5,16.8
Otto Porter\porteot01,77,2432,7.3,2.3,1.7,0.6,1.1,2.2,16.8
Dion Waiters\waitedi01,30,918,3.0,4.4,0.9,0.4,2.7,2.4,16.8
Bojan Bogdanovic\bogdabo02,80,2464,3.9,1.7,0.8,0.1,1.5,1.9,16.7
Jeff Green\greenje02,78,1828,4.8,1.9,0.8,0.7,1.5,2.9,16.7
Jack Cooley\cooleja01,7,87,12.4,2.5,0.4,0.0,1.2,5.4,16.6
Caris LeVert\leverca01,71,1864,5.0,5.8,1.6,0.4,3.0,3.1,16.6
Avery Bradley\bradlav01,46,1433,2.9,2.4,1.3,0.2,2.5,2.3,16.5
Kris Dunn\dunnkr01,52,1525,5.2,7.3,2.5,0.6,3.5,4.1,16.5
Henry Ellenson\ellenhe01,38,329,8.9,2.2,0.5,0.0,2.0,2.4,16.5
Serge Ibaka\ibakase01,76,2093,8.2,1.1,0.5,1.7,1.5,3.6,16.5
Justin Anderson\anderju01,38,519,6.5,1.7,1.0,0.5,1.1,3.7,16.4
Willie Cauley-Stein\caulewi01,73,2044,9.0,3.0,1.4,1.2,1.9,3.3,16.4
Willie Reed\reedwi02,42,428,10.2,0.8,0.8,1.9,1.6,4.7,16.4
Jayson Tatum\tatumja01,80,2438,5.9,1.9,1.2,0.9,1.7,2.5,16.4
Matt Williams\willima05,3,11,3.3,0.0,0.0,0.0,3.3,3.3,16.4
DeMarre Carroll\carrode01,73,2180,7.9,2.4,1.0,0.5,1.7,2.7,16.2
Allen Crabbe\crabbal01,75,2197,5.3,1.9,0.8,0.6,1.3,2.8,16.2
Johnny O'Bryant\obryajo01,36,379,8.8,1.3,0.9,0.6,1.4,4.3,16.2
Myles Turner\turnemy01,65,1836,8.2,1.7,0.7,2.3,1.9,3.6,16.2
Andre Drummond\drumman01,78,2625,17.1,3.3,1.6,1.7,2.7,3.4,16.1
Nene Hilario\hilarne01,52,758,8.4,2.1,1.3,0.7,1.8,5.8,16.1
Robin Lopez\lopezro01,64,1690,6.2,2.6,0.3,1.1,2.3,2.3,16.1
Austin Rivers\riverau01,61,2057,2.5,4.2,1.3,0.3,1.9,2.7,16.1
Ricky Rubio\rubiori01,77,2254,5.6,6.5,1.9,0.2,3.3,3.3,16.1
Mirza Teletovic\teletmi01,10,159,5.2,2.3,0.9,0.2,1.6,3.2,16.1
Manu Ginobili\ginobma01,65,1299,3.9,4.5,1.2,0.4,2.9,3.5,16.0
Devin Harris\harride01,71,1340,3.4,4.1,1.3,0.3,2.0,4.2,16.0
James Michael McAdoo\mcadoja01,3,18,4.0,0.0,0.0,2.0,2.0,2.0,16.0
Emmanuel Mudiay\mudiaem01,64,1245,4.4,6.0,1.2,0.3,3.3,2.3,16.0
Meyers Leonard\leoname01,33,254,9.9,2.4,1.0,0.0,1.4,5.1,15.9
Elfrid Payton\paytoel01,63,1808,5.5,7.8,1.7,0.4,3.3,2.9,15.9
Derrick Favors\favorde01,77,2153,9.2,1.7,0.9,1.4,1.5,2.7,15.8
Brice Johnson\johnsbr02,18,98,11.4,0.7,3.3,2.2,1.8,4.8,15.8
Ish Smith\smithis01,82,2043,3.9,6.3,1.1,0.4,1.9,2.5,15.8
D.J. Augustin\augusdj01,75,1760,3.3,5.9,1.1,0.0,2.5,1.9,15.7
Malcolm Brogdon\brogdma01,48,1436,3.9,3.8,1.0,0.3,1.7,3.2,15.7
Bobby Brown\brownbo02,20,115,2.2,3.4,1.3,0.0,2.8,1.9,15.7
John Collins\collijo01,74,1785,10.9,2.0,0.9,1.6,2.1,4.3,15.7
Cheick Diallo\diallch01,52,581,13.1,1.2,0.7,1.3,1.7,5.1,15.7
Spencer Dinwiddie\dinwisp01,80,2306,4.0,8.2,1.1,0.4,2.0,2.9,15.7
Mario Hezonja\hezonma01,75,1657,6.1,2.3,1.8,0.7,1.9,2.9,15.7
Jodie Meeks\meeksjo01,77,1119,4.1,2.3,0.9,0.1,1.2,1.8,15.7
Terry Rozier\roziete01,80,2068,6.5,4.0,1.4,0.3,1.4,2.1,15.7
Ike Anigbogu\anigbik01,11,30,10.8,0.0,1.2,3.6,2.4,1.2,15.6
Troy Daniels\danietr01,79,1622,2.8,1.1,0.6,0.1,1.2,3.0,15.6
Ersan Ilyasova\ilyaser01,69,1729,8.4,1.9,1.3,0.5,1.5,3.3,15.6
Troy Williams\willitr02,21,307,7.4,1.9,2.3,0.5,2.2,4.0,15.6
Jeff Teague\teaguje01,70,2311,3.3,7.7,1.6,0.3,2.8,2.7,15.5
Fred VanVleet\vanvlfr01,76,1520,4.4,5.8,1.6,0.5,1.8,3.1,15.5
Pau Gasol\gasolpa01,77,1812,12.3,4.7,0.5,1.6,2.1,2.4,15.4
Daniel Hamilton\hamilda02,6,28,6.4,10.3,1.3,0.0,2.6,2.6,15.4
Joe Harris\harrijo01,78,1975,4.7,2.3,0.6,0.4,1.7,2.8,15.4
Reggie Hearn\hearnre01,3,7,0.0,0.0,0.0,0.0,0.0,0.0,15.4
Kyle Korver\korveky01,73,1574,3.8,2.0,0.7,0.6,1.3,3.0,15.4
Markieff Morris\morrima02,73,1968,7.5,2.6,1.0,0.7,2.3,4.0,15.4
Kelly Oubre\oubreke01,81,2231,5.9,1.6,1.3,0.6,1.5,3.8,15.4
Marcus Paige\paigema01,5,28,5.1,3.9,0.0,0.0,0.0,0.0,15.4
Steven Adams\adamsst01,76,2487,9.9,1.3,1.3,1.1,1.9,3.1,15.3
Darren Collison\collida01,69,2018,3.2,6.6,1.6,0.3,1.5,2.2,15.3
Bogdan Bogdanovic\bogdabo01,78,2175,3.7,4.3,1.2,0.3,2.1,2.8,15.2
Quinn Cook\cookqu01,33,740,4.0,4.3,0.6,0.0,1.6,2.9,15.2
Wayne Ellington\ellinwa01,77,2041,3.8,1.4,0.9,0.1,0.9,1.7,15.2
R.J. Hunter\hunterj01,5,45,4.0,2.4,2.4,0.0,1.6,5.6,15.2
Skal Labissiere\labissk01,60,1240,8.4,2.1,0.7,1.4,2.1,3.8,15.2
Joffrey Lauvergne\lauvejo01,55,534,11.5,2.8,0.6,0.2,2.2,3.0,15.2
Davis Bertans\bertada01,77,1086,5.1,2.5,0.9,0.9,1.2,3.1,15.1
Alex Len\lenal01,69,1395,13.4,2.1,0.7,1.6,2.0,4.1,15.1
Frank Mason\masonfr01,52,984,4.8,5.4,1.2,0.4,2.4,2.6,15.1
Shabazz Napier\napiesh01,74,1535,4.0,3.5,1.9,0.3,2.1,2.0,15.1
Tyler Dorsey\dorsety01,56,974,4.8,2.9,0.6,0.2,1.4,2.3,15.0
De'Aaron Fox\foxde01,73,2026,3.6,5.7,1.2,0.4,3.1,2.9,15.0
Langston Galloway\gallola01,58,863,3.8,2.4,1.5,0.2,0.8,1.6,15.0
Rudy Gobert\goberru01,56,1816,11.9,1.6,0.9,2.6,2.1,3.0,15.0
Richaun Holmes\holmeri01,48,746,10.2,2.9,1.0,1.4,1.2,4.7,15.0
Nick Young\youngni01,80,1393,3.2,0.9,1.0,0.2,1.0,2.6,15.0
Nick Collison\collini01,15,75,9.6,1.9,0.0,0.0,3.4,3.4,14.9
Raymond Felton\feltora01,82,1365,4.1,5.4,1.3,0.4,2.0,2.4,14.9
Jerami Grant\grantje01,81,1647,7.0,1.2,0.7,1.7,1.2,3.4,14.9
Tyler Johnson\johnsty01,72,2052,4.4,2.9,1.1,0.6,1.4,2.6,14.8
Luke Kornet\kornelu01,20,326,7.1,2.9,0.7,1.8,1.3,3.1,14.8
Chandler Parsons\parsoch01,36,691,4.7,3.6,0.9,0.6,1.8,2.8,14.8
Jarrett Allen\allenja01,72,1441,9.7,1.2,0.7,2.2,2.0,3.7,14.7
Isaiah Canaan\canaais01,20,422,3.8,6.5,1.4,0.1,2.5,3.1,14.7
Kenneth Faried\farieke01,32,461,11.9,1.4,0.9,1.0,1.8,4.0,14.7
Kay Felder\feldeka01,16,140,4.6,5.1,0.8,0.3,4.1,2.8,14.7
Al Horford\horfoal01,72,2277,8.4,5.4,0.7,1.2,2.1,2.2,14.7
Jalen Jones\jonesja04,16,181,7.6,0.8,1.0,0.2,1.4,4.4,14.7
Lance Stephenson\stephla01,82,1850,8.3,4.6,0.9,0.3,2.6,3.4,14.7
Omri Casspi\casspom01,53,740,9.7,2.5,0.9,0.9,1.8,3.4,14.6
James Johnson\johnsja01,73,1943,6.6,5.2,1.3,0.9,2.6,3.6,14.6
Reggie Bullock\bullore01,62,1732,3.2,2.0,1.0,0.3,1.0,1.5,14.5
Kentavious Caldwell-Pope\caldwke01,74,2458,5.7,2.4,1.6,0.2,1.4,2.1,14.5
Andrew Harrison\harrian01,56,1326,3.6,4.8,1.0,0.7,2.2,3.7,14.5
Larry Nance\nancela02,66,1421,11.5,2.1,2.2,1.0,1.3,4.4,14.5
Patrick Beverley\beverpa01,11,334,4.9,3.4,1.9,0.5,2.7,3.7,14.4
Dewayne Dedmon\dedmode01,62,1542,11.4,2.1,0.9,1.2,2.0,3.8,14.4
Jeremy Evans\evansje01,1,5,7.2,0.0,0.0,0.0,7.2,7.2,14.4
Gordon Hayward\haywago01,1,5,7.2,0.0,0.0,0.0,0.0,7.2,14.4
Mangok Mathiang\mathima01,4,20,18.0,0.0,1.8,0.0,0.0,9.0,14.4
Monte Morris\morrimo01,3,25,2.9,10.1,4.3,0.0,1.4,1.4,14.4
Dwight Powell\poweldw01,79,1672,9.6,2.0,1.4,0.7,1.3,4.0,14.4
Anthony Tolliver\tollian01,79,1757,4.9,1.8,0.7,0.4,1.2,3.0,14.4
Aaron Brooks\brookaa01,32,189,3.2,3.8,1.1,0.0,2.1,5.3,14.3
Robert Covington\covinro01,80,2532,6.2,2.2,1.9,1.0,1.8,3.4,14.3
Damion Lee\leeda03,15,404,6.3,2.6,1.7,0.1,1.2,2.2,14.3
Alfonzo McKinnie\mckinal01,14,53,4.8,0.7,0.7,0.7,2.0,5.4,14.3
Kyle O'Quinn\oquinky01,77,1387,12.2,4.1,0.9,2.5,2.6,5.0,14.3
Jason Smith\smithja02,33,285,6.7,1.8,0.4,1.6,2.0,5.6,14.3
Tyler Zeller\zellety01,66,1109,9.9,1.5,0.5,1.1,1.5,4.1,14.3
Markelle Fultz\fultzma01,14,253,6.1,7.5,1.7,0.6,2.4,3.1,14.2
Shaquille Harrison\harrish01,23,384,5.7,5.2,2.4,0.7,2.1,3.9,14.2
Courtney Lee\leeco01,76,2310,3.5,2.8,1.2,0.3,1.3,1.7,14.2
E'Twaun Moore\mooreet01,82,2586,3.3,2.6,1.1,0.2,1.4,2.5,14.2
Tony Parker\parketo01,55,1071,3.2,6.6,0.9,0.0,2.3,1.7,14.2
Ivica Zubac\zubaciv01,43,410,10.8,2.2,0.7,1.3,2.3,4.1,14.1
Patty Mills\millspa02,82,2107,2.6,3.9,0.9,0.2,1.8,2.2,14.0
Ivan Rabb\rabbiv01,36,516,11.0,2.2,0.8,0.9,2.4,3.8,14.0
Josh Richardson\richajo01,81,2689,3.8,3.1,1.6,1.0,1.9,2.7,14.0
Kyle Singler\singlky01,12,59,6.1,1.2,0.6,0.0,1.8,2.4,14.0
Derrick White\whitede01,17,139,6.7,2.3,1.0,0.8,1.6,2.1,14.0
Justin Holiday\holidju01,72,2265,4.6,2.4,1.3,0.5,1.5,2.1,13.9
Ben McLemore\mclembe01,56,1091,4.6,1.7,1.3,0.5,2.0,4.6,13.9
Thabo Sefolosha\sefolth01,38,806,7.2,1.5,2.3,0.5,1.3,2.6,13.9
Delon Wright\wrighde01,69,1433,5.0,5.0,1.8,0.8,2.0,2.0,13.9
Darrell Arthur\arthuda01,19,141,3.8,2.3,2.0,0.8,3.8,5.6,13.8
Dillon Brooks\brookdi01,82,2350,3.9,2.1,1.1,0.3,1.9,3.6,13.8
Damyean Dotson\dotsoda01,44,474,6.4,2.4,0.9,0.2,1.3,2.6,13.8
DeAndre Jordan\jordade01,77,2424,17.4,1.7,0.6,1.1,2.0,3.0,13.8
Mike Muscala\muscami01,53,1060,7.8,1.7,1.1,0.9,1.4,2.7,13.8
Zaza Pachulia\pachuza01,69,972,11.9,4.0,1.4,0.6,2.7,4.5,13.8
Jamil Wilson\wilsoja02,15,274,4.2,1.3,0.7,1.1,1.1,4.5,13.8
Jeff Withey\witheje01,9,39,9.2,0.0,0.0,2.8,1.8,2.8,13.8
Deyonta Davis\davisde01,62,943,9.5,1.5,0.6,1.5,1.2,4.8,13.7
Channing Frye\fryech01,53,695,7.0,2.0,0.9,0.7,1.1,3.6,13.7
Luke Kennard\kennalu01,73,1463,4.3,3.1,1.1,0.3,1.7,2.1,13.7
Cameron Payne\payneca01,25,582,4.3,7.0,1.6,0.6,2.2,2.7,13.7
Isaiah Taylor\taylois01,67,1167,2.9,6.4,1.0,0.3,2.6,3.6,13.7
Tony Allen\allento01,22,273,6.2,1.2,1.5,0.4,2.5,6.5,13.6
Ian Clark\clarkia01,74,1455,3.1,2.7,0.8,0.2,1.4,3.0,13.6
Danuel House\houseda01,23,403,6.8,2.2,0.6,0.5,1.0,2.1,13.6
Jonas Jerebko\jerebjo01,74,1134,7.8,1.3,0.8,0.4,0.9,4.0,13.6
Milos Teodosic\teodomi01,45,1134,4.0,6.6,0.7,0.2,3.1,3.3,13.6
Andre Ingram\ingraan01,2,64,3.4,3.9,1.7,1.7,1.7,1.7,13.5
Wesley Matthews\matthwe02,63,2131,3.3,2.9,1.3,0.3,1.4,2.4,13.5
Dejounte Murray\murrade01,81,1743,9.5,4.8,2.0,0.6,2.8,3.1,13.5
Denzel Valentine\valende01,77,2095,6.8,4.2,1.1,0.2,1.7,3.2,13.5
Nicolas Batum\batumni01,64,1981,5.6,6.3,1.2,0.4,2.4,1.3,13.4
Josh Gray\grayjo01,5,86,4.2,5.0,3.3,0.8,2.9,3.3,13.4
Jakob Poeltl\poeltja01,82,1524,9.3,1.3,0.9,2.4,2.0,5.0,13.4
Marvin Williams\willima02,78,2006,6.6,1.7,1.0,0.7,1.2,2.1,13.4
Joe Young\youngjo01,53,558,4.1,2.5,0.9,0.1,1.7,2.5,13.4
Cody Zeller\zelleco01,33,627,10.2,1.8,0.8,1.2,1.9,4.7,13.4
Trevor Booker\booketr01,68,1158,9.9,2.5,0.9,0.7,1.8,3.7,13.3
Jae Crowder\crowdja01,80,2090,4.7,1.7,1.1,0.4,1.3,3.2,13.3
JaMychal Green\greenja01,55,1542,10.8,1.8,0.7,0.6,1.8,3.6,13.3
George Hill\hillge01,67,1812,3.6,3.7,1.2,0.5,1.7,2.5,13.3
Michael Kidd-Gilchrist\kiddgmi01,74,1850,5.9,1.4,1.0,0.6,1.1,2.8,13.3
Timothe Luwawu-Cabarrot\luwawti01,52,807,3.2,2.4,0.5,0.2,1.7,4.3,13.3
Yogi Ferrell\ferreyo01,82,2282,3.9,3.2,1.0,0.1,1.2,2.4,13.2
Bryn Forbes\forbebr01,80,1517,2.6,1.9,0.7,0.0,0.9,2.6,13.2
Taj Gibson\gibsota01,82,2726,7.7,1.3,0.8,0.8,1.2,2.9,13.2
Jerian Grant\grantje02,74,1686,3.7,7.3,1.3,0.2,1.9,2.8,13.2
Raul Neto\netora01,41,498,3.5,5.4,0.9,0.3,2.6,2.7,13.2
Thaddeus Young\youngth01,81,2607,7.1,2.1,1.9,0.5,1.4,2.4,13.2
Marquese Chriss\chrisma01,72,1527,9.3,2.0,1.2,1.7,2.5,4.8,13.1
Joe Ingles\inglejo01,82,2578,4.8,5.5,1.3,0.3,2.2,2.5,13.1
Timofey Mozgov\mozgoti01,31,359,9.8,1.1,0.5,1.3,3.3,3.9,13.1
Alec Peters\peteral01,20,225,5.9,1.9,0.3,0.3,0.6,2.1,13.1
Mason Plumlee\plumlma01,74,1439,10.0,3.6,1.2,2.0,2.6,4.6,13.1
Norman Powell\powelno01,70,1062,4.0,3.0,1.3,0.5,2.2,3.8,13.1
Brandan Wright\wrighbr03,28,381,9.0,1.2,1.2,2.5,0.8,3.0,13.1
Luke Babbitt\babbilu01,50,715,4.8,1.6,0.4,0.4,1.0,2.7,13.0
Ryan Anderson\anderry01,66,1725,6.9,1.3,0.5,0.4,0.9,2.6,12.9
Mario Chalmers\chalmma01,66,1421,4.0,5.0,2.0,0.4,3.0,4.5,12.8
Brandon Jennings\jennibr01,14,205,5.4,7.7,1.1,0.7,3.2,1.9,12.8
Doug McDermott\mcderdo01,81,1768,4.1,1.6,0.4,0.3,1.1,2.5,12.8
Tyler Cavanaugh\cavanty01,39,518,8.8,1.9,0.6,0.3,1.0,4.2,12.7
Gorgui Dieng\dienggo01,79,1333,9.7,1.9,1.2,1.1,1.6,4.0,12.7
Cedi Osman\osmande01,61,672,6.4,2.2,1.2,0.2,1.7,4.2,12.7
Daniel Theis\theisda01,63,936,10.5,2.2,1.2,1.8,2.2,6.0,12.7
Bam Adebayo\adebaba01,69,1368,10.0,2.7,0.8,1.1,1.7,3.6,12.6
Shaun Livingston\livinsh01,71,1129,4.2,4.5,1.1,0.7,1.8,3.7,12.6
Pascal Siakam\siakapa01,81,1679,7.8,3.4,1.3,0.9,1.4,3.6,12.6
Shelvin Mack\macksh01,69,1365,4.4,7.2,1.4,0.2,2.3,2.4,12.5
Terrence Ross\rosste01,24,600,4.4,2.3,1.6,0.7,1.7,2.7,12.5
Ramon Sessions\sessira01,28,392,3.5,7.1,1.3,0.2,2.8,2.7,12.5
Nik Stauskas\stausni01,41,523,4.4,2.7,0.6,0.3,1.8,1.7,12.5
Trevor Ariza\arizatr01,67,2269,4.7,1.7,1.6,0.2,0.8,2.1,12.4
Sam Dekker\dekkesa01,73,883,7.1,1.5,1.0,0.4,1.3,2.9,12.4
Dakari Johnson\johnsda04,31,161,7.6,1.8,1.3,1.8,0.7,6.0,12.3
Kosta Koufos\koufoko01,71,1391,12.2,2.3,1.2,0.8,1.3,3.8,12.3
Marcus Smart\smartma01,54,1614,4.2,5.8,1.6,0.5,2.9,3.0,12.3
Tyrone Wallace\wallaty01,30,851,4.4,3.0,1.1,0.5,1.9,3.5,12.3
Jabari Bird\birdja01,13,115,5.9,2.5,0.9,0.3,2.5,2.2,12.2
Draymond Green\greendr01,70,2287,8.4,8.0,1.5,1.4,3.2,2.9,12.2
Josh Hart\hartjo01,63,1461,6.5,2.0,1.2,0.4,1.2,2.6,12.2
John Henson\hensojo01,76,1970,9.4,2.1,0.8,2.0,1.5,3.7,12.2
T.J. Leaf\leaftj01,53,459,6.4,0.7,0.4,0.3,0.8,3.5,12.2
Jarell Martin\martija01,73,1661,6.9,1.6,0.8,1.1,1.9,4.6,12.2
Garrett Temple\templga01,65,1615,3.4,2.8,1.3,0.6,1.8,3.0,12.2
Malik Beasley\beaslma01,62,583,4.4,1.9,0.9,0.4,1.5,2.2,12.1
Tarik Black\blackta01,51,536,10.9,0.9,1.4,2.0,2.4,7.2,12.1
Danny Green\greenda02,70,1791,5.0,2.2,1.3,1.6,1.5,2.5,12.1
David Nwaba\nwabada01,70,1646,7.1,2.3,1.3,0.6,1.7,3.5,12.1
Guerschon Yabusele\yabusgu01,33,235,8.0,2.5,0.6,0.8,1.8,3.5,12.1
Malcolm Delaney\delanma01,54,1014,3.6,5.8,1.2,0.2,2.3,2.9,12.0
Marcin Gortat\gortama01,82,2075,10.8,2.6,0.7,1.1,1.7,3.0,12.0
Isaiah Hicks\hicksis01,18,240,6.1,2.4,0.3,0.6,2.4,6.8,12.0
Jacob Pullen\pulleja01,3,6,0.0,0.0,0.0,0.0,6.0,0.0,12.0
Tyler Ulis\ulisty01,71,1658,2.8,6.8,1.5,0.2,2.8,2.6,12.0
Jerryd Bayless\bayleje01,39,925,3.1,2.1,0.9,0.2,1.8,3.5,11.9
Nemanja Bjelica\bjeline01,67,1371,7.2,2.3,1.3,0.4,1.4,3.7,11.9
Rodney Purvis\purviro01,16,290,3.4,2.1,0.4,0.4,1.2,3.2,11.9
Andrew White\whitean01,15,209,5.9,1.0,0.5,0.2,1.4,2.1,11.9
Tyler Ennis\ennisty01,54,683,5.0,5.5,1.6,0.5,2.0,4.0,11.8
Jordan Mickey\mickejo01,23,284,10.4,1.1,0.8,1.3,2.3,4.6,11.8
Darius Miller\milleda01,82,1944,3.0,2.1,0.5,0.3,1.1,3.0,11.8
Travis Wear\weartr01,17,228,6.0,1.1,0.6,0.8,0.9,4.7,11.8
Aron Baynes\baynear01,81,1485,10.5,2.3,0.5,1.2,1.9,4.8,11.7
Jordan Bell\belljo01,57,809,9.2,4.5,1.6,2.5,2.3,4.1,11.7
Emeka Okafor\okafoem01,26,353,12.2,0.8,0.8,2.5,1.3,3.1,11.6
Caleb Swanigan\swanica01,27,189,10.3,2.7,1.0,0.6,3.4,7.0,11.6
James Ennis\ennisja01,72,1604,5.0,1.6,1.1,0.4,1.3,3.0,11.5
Maxi Kleber\klebima01,72,1206,7.0,1.5,0.8,1.4,0.9,3.4,11.5
Ian Mahinmi\mahinia01,77,1145,9.8,1.7,1.2,1.3,3.1,7.2,11.5
Tomas Satoransky\satorto01,73,1643,5.1,6.3,1.1,0.3,1.8,2.9,11.5
Evan Turner\turneev01,79,2034,4.3,3.1,0.8,0.5,1.8,2.9,11.5
Stanley Johnson\johnsst04,69,1894,4.8,2.1,1.8,0.3,1.5,3.2,11.4
Jon Leuer\leuerjo01,8,136,8.5,1.3,0.3,0.8,1.9,4.2,11.4
Bismack Biyombo\biyombi01,82,1495,11.3,1.6,0.5,2.3,2.0,3.8,11.3
Corey Brewer\breweco01,72,1208,4.6,1.9,2.4,0.4,1.5,4.1,11.3
Wilson Chandler\chandwi01,74,2346,6.1,2.5,0.7,0.6,1.4,2.4,11.3
Gian Clavell\clavegi01,7,64,3.9,1.7,1.1,0.0,1.1,4.5,11.3
Cristiano Felicio\feliccr01,55,977,8.6,2.0,0.6,0.4,2.0,3.8,11.3
Rajon Rondo\rondora01,65,1705,5.6,11.3,1.5,0.2,3.2,2.5,11.3
Justise Winslow\winslju01,68,1680,7.9,3.2,1.2,0.7,1.6,3.0,11.3
Alex Abrines\abrinal01,75,1134,3.6,0.9,1.2,0.3,0.8,3.9,11.2
Al-Farouq Aminu\aminual01,69,2072,9.1,1.5,1.4,0.7,1.4,2.4,11.2
John Holland\hollajo02,24,174,5.0,1.0,1.4,0.4,1.7,2.1,11.2
Gary Payton\paytoga02,23,221,7.2,3.4,1.1,0.5,1.1,4.9,11.2
Khem Birch\birchkh01,42,578,11.2,2.1,0.9,1.3,1.3,3.5,11.1
Joe Johnson\johnsjo02,55,1205,5.1,2.5,0.5,0.2,1.5,2.0,11.1
Tim Quarterman\quartti01,3,13,8.3,2.8,0.0,0.0,5.5,2.8,11.1
Thomas Bryant\bryanth01,15,72,8.5,3.0,0.5,1.0,1.0,3.0,11.0
Vince Carter\cartevi01,58,1026,5.2,2.4,1.5,0.9,1.3,3.4,11.0
Maurice Harkless\harklma01,59,1264,4.6,1.5,1.4,1.2,1.1,2.9,11.0
Rodney McGruder\mcgruro01,18,299,3.9,2.0,1.0,0.4,0.5,2.5,11.0
Kobi Simmons\simmoko01,32,643,2.8,3.8,1.0,0.3,2.5,3.4,11.0
Quincy Acy\acyqu01,70,1359,6.8,1.5,0.9,0.8,1.6,3.9,10.9
Malcolm Miller\millema01,15,126,4.3,0.9,0.3,0.6,1.4,2.9,10.9
Rashad Vaughn\vaughra01,28,212,3.6,2.2,0.8,0.5,1.0,2.5,10.9
Noah Vonleh\vonleno01,54,875,12.8,1.4,0.8,0.7,1.3,2.8,10.9
DeAndre' Bembry\bembrde01,26,455,5.7,3.9,1.7,0.9,3.7,3.0,10.8
Jarrett Jack\jackja01,62,1548,4.4,8.1,0.8,0.1,2.7,2.3,10.8
Justin Jackson\jacksju01,68,1506,4.5,1.8,0.7,0.3,1.0,1.9,10.8
Joakim Noah\noahjo01,7,40,12.6,3.6,1.8,1.8,3.6,4.5,10.8
JaKarr Sampson\sampsja02,22,344,8.2,0.9,0.8,2.3,0.8,5.0,10.8
Lonzo Ball\balllo01,52,1780,7.3,7.6,1.8,0.9,2.8,2.4,10.7
Pat Connaughton\connapa01,82,1488,3.9,2.2,0.6,0.5,1.0,2.9,10.7
Jawun Evans\evansja01,48,778,3.9,4.6,1.7,0.3,2.0,4.5,10.7
Juan Hernangomez\hernaju01,25,277,7.0,1.6,0.8,0.4,1.2,3.2,10.7
Shane Larkin\larkish01,54,775,4.3,4.6,1.3,0.1,1.5,2.7,10.7
Royce O'Neale\onealro01,69,1150,7.4,3.0,1.1,0.5,1.7,3.3,10.7
Kyle Anderson\anderky01,74,1978,7.2,3.7,2.1,1.1,1.7,2.1,10.6
OG Anunoby\anunoog01,74,1481,4.5,1.3,1.3,0.3,1.1,3.2,10.6
Omari Johnson\johnsom01,4,75,5.3,3.4,1.0,0.0,1.4,2.9,10.6
Cory Joseph\josepco01,82,2210,4.3,4.2,1.3,0.3,1.4,2.3,10.6
Kevon Looney\looneke01,66,910,8.5,1.7,1.3,2.2,1.2,4.2,10.6
Luc Mbah a Moute\mbahalu01,61,1564,4.3,1.3,1.7,0.6,1.6,2.3,10.6
Salah Mejri\mejrisa01,61,729,12.1,1.7,1.1,3.3,1.9,6.0,10.6
Georgios Papagiannis\papagge01,17,122,10.9,2.7,1.2,1.8,2.4,3.5,10.6
J.R. Smith\smithjr01,80,2244,3.8,2.3,1.1,0.2,1.3,2.6,10.6
C.J. Williams\willicj01,38,707,2.9,2.2,1.6,0.7,1.0,3.2,10.6
D.J. Wilson\wilsodj01,22,71,5.1,1.5,1.5,0.5,2.0,3.5,10.6
Amir Johnson\johnsam01,74,1171,10.1,3.6,1.4,1.4,1.7,5.9,10.5
Lucas Nogueira\noguelu01,49,418,7.5,1.9,2.0,3.7,1.4,4.2,10.5
Furkan Korkmaz\korkmfu01,14,80,5.0,1.8,0.9,0.5,0.9,5.4,10.4
Thon Maker\makerth01,74,1238,6.5,1.3,1.1,1.5,1.3,4.7,10.4
Michael Carter-Williams\cartemi01,52,835,5.9,5.0,1.9,1.0,2.2,4.3,10.3
Jaylen Morris\morrija01,6,98,5.9,2.6,0.7,0.4,2.2,0.7,10.3
Tristan Thompson\thomptr01,53,1072,11.8,1.1,0.5,0.6,1.2,3.4,10.3
Alan Williams\willial03,5,70,11.3,4.1,2.6,0.5,3.6,6.7,10.3
Myke Henry\henrymy01,20,378,3.6,2.1,3.0,0.6,1.8,2.7,10.2
Tyus Jones\jonesty01,82,1467,3.2,5.7,2.3,0.1,1.4,2.7,10.2
Sterling Brown\brownst02,54,776,6.6,1.2,1.4,0.6,1.2,3.7,10.1
Zach Collins\colliza01,66,1045,7.6,1.8,0.6,1.1,2.0,4.6,10.1
Ed Davis\davised01,78,1471,14.1,1.0,0.8,1.3,1.6,4.6,10.1
Damian Jones\jonesda03,15,89,5.7,0.8,0.4,1.2,1.6,5.7,10.1
T.J. McConnell\mccontj01,76,1706,4.8,6.4,1.9,0.3,2.4,2.6,10.1
Abdel Nader\naderab01,48,522,4.9,1.8,1.0,0.7,2.3,3.1,10.1
Georges Niang\niangge01,9,32,10.1,3.4,2.3,0.0,3.4,1.1,10.1
Glenn Robinson\robingl02,23,338,3.9,1.8,1.4,0.1,0.5,1.5,10.1
Jose Calderon\caldejo01,57,914,3.3,4.6,1.1,0.1,1.6,3.2,10.0
Nerlens Noel\noelne01,30,472,12.8,1.5,2.4,1.7,2.0,4.5,10.0
James Young\youngja01,6,61,1.2,1.2,0.0,0.0,0.6,2.4,10.0
Jamel Artis\artisja01,15,279,4.9,2.3,0.3,0.4,1.0,1.4,9.9
Tony Bradley\bradlto01,9,29,13.7,1.2,0.0,0.0,0.0,1.2,9.9
Dorian Finney-Smith\finnedo01,21,448,6.0,2.1,0.8,0.3,1.7,3.5,9.9
Malachi Richardson\richama01,26,324,3.8,1.4,1.1,0.1,1.1,3.0,9.9
Milton Doyle\doylemi01,10,125,5.2,2.9,1.7,0.6,0.6,3.7,9.8
Wesley Johnson\johnswe01,74,1486,5.2,1.5,1.8,1.5,1.3,3.5,9.8
Frank Ntilikina\ntilila01,78,1706,3.7,5.3,1.4,0.4,2.8,3.8,9.8
Jonathan Isaac\isaacjo01,27,536,6.6,1.2,2.2,2.0,1.8,3.2,9.7
Marshall Plumlee\plumlma02,8,52,11.8,1.4,0.0,0.7,2.1,6.9,9.7
Dante Cunningham\cunnida01,73,1562,6.9,1.1,0.9,0.7,0.8,2.6,9.6
Marcus Georges-Hunt\georgma01,42,224,2.6,1.1,1.0,0.0,0.5,5.1,9.5
Paul Zipser\zipsepa01,54,824,5.7,2.0,0.9,0.7,1.9,3.8,9.5
Arron Afflalo\afflaar01,53,682,3.5,1.6,0.2,0.5,1.1,3.0,9.4
Tyson Chandler\chandty01,46,1151,13.1,1.7,0.5,0.8,1.8,3.3,9.4
Treveon Graham\grahatr01,63,1050,4.1,2.0,1.1,0.1,0.9,3.7,9.4
Davon Reed\reedda01,21,242,5.8,1.9,1.5,0.3,1.5,2.5,9.4
Torrey Craig\craigto01,39,629,7.3,1.4,0.7,0.9,1.1,3.6,9.3
Aaron Harrison\harriaa01,9,233,3.7,1.7,1.4,0.3,0.5,4.2,9.3
Miles Plumlee\plumlmi01,55,918,8.9,1.8,0.7,1.2,2.5,3.1,9.3
Dragan Bender\bendedr01,82,2069,6.3,2.3,0.4,0.9,1.9,2.9,9.2
Brandon Paul\paulbr01,64,576,4.2,2.3,1.6,0.4,1.8,3.6,9.2
Derrick Jones\jonesde02,20,245,5.6,1.3,0.6,1.9,1.0,3.5,9.0
Patrick Patterson\pattepa01,82,1270,5.5,1.6,1.4,0.7,0.9,2.5,9.0
Alex Poythress\poythal01,25,104,5.9,0.7,1.0,0.3,0.7,5.5,9.0
Tony Snell\snellto01,75,2053,2.5,1.7,0.8,0.5,0.6,2.0,9.0
Okaro White\whiteok01,6,80,5.0,0.9,0.5,0.5,0.5,2.7,9.0
Terrance Ferguson\fergute01,61,763,2.2,0.9,1.1,0.5,0.5,3.9,8.9
Cole Aldrich\aldrico01,21,49,11.0,2.2,1.5,0.7,0.7,8.1,8.8
Dwayne Bacon\bacondw01,53,713,6.3,1.9,0.8,0.1,1.2,2.3,8.8
Jameer Nelson\nelsoja01,50,1013,3.7,6.4,1.0,0.1,2.4,2.9,8.8
Xavier Rathan-Mayes\rathaxa01,5,118,1.5,5.5,1.8,0.9,3.4,5.5,8.8
Sindarius Thornwell\thornsi01,73,1156,4.4,2.1,1.5,0.8,1.7,3.9,8.8
Bruno Caboclo\cabocbr01,12,107,7.4,1.7,1.0,1.3,1.3,2.7,8.7
Larry Drew\drewla02,10,70,1.5,5.1,0.0,0.0,1.5,3.1,8.7
Alex Caruso\carusal01,37,562,4.2,4.8,1.5,0.6,2.7,3.3,8.6
Patrick McCaw\mccawpa01,57,961,3.1,3.0,1.6,0.4,1.5,2.5,8.6
Joel Bolomboy\bolomjo01,6,38,9.5,0.0,1.9,0.0,1.9,2.8,8.5
Andre Iguodala\iguodan01,64,1622,5.5,4.7,1.2,0.8,1.5,2.2,8.5
Lorenzo Brown\brownlo01,14,139,3.9,3.4,1.3,0.0,0.8,1.8,8.3
Matthew Dellavedova\dellama01,38,712,3.2,7.3,0.7,0.0,2.5,3.4,8.3
Quincy Pondexter\pondequ01,23,196,5.0,1.7,1.5,0.4,2.0,4.4,8.3
Aaron Jackson\jacksaa01,1,35,3.1,1.0,0.0,0.0,1.0,4.1,8.2
Wesley Iwundu\iwundwe01,62,1020,4.8,2.0,1.2,0.4,1.1,2.9,8.1
Iman Shumpert\shumpim01,14,276,5.3,2.2,1.2,0.5,2.1,2.9,8.1
Jared Dudley\dudleja01,48,686,4.9,4.1,1.3,0.6,1.5,4.5,8.0
Nigel Hayes\hayesni01,9,122,6.5,1.8,0.6,0.9,0.6,2.4,8.0
Derrick Williams\willide02,2,9,4.0,0.0,0.0,0.0,0.0,0.0,8.0
Lance Thomas\thomala01,73,1353,4.7,1.2,0.8,0.4,1.1,3.6,7.9
P.J. Tucker\tuckepj01,82,2281,7.2,1.2,1.2,0.4,1.2,3.2,7.9
Damien Wilkins\wilkida02,19,152,3.8,2.1,0.5,0.2,1.2,1.7,7.8
Jake Layman\laymaja01,35,160,3.6,2.5,1.4,0.9,1.1,2.9,7.7
Josh Magette\magetjo01,18,216,3.2,9.5,1.3,0.2,1.5,2.7,7.7
Kyle Collinsworth\colliky01,32,480,8.0,4.2,1.3,0.7,1.8,3.3,7.6
Tim Frazier\fraziti01,59,838,4.9,8.3,2.0,0.3,2.4,4.2,7.6
Briante Weber\weberbr01,18,237,5.3,3.3,2.7,0.8,2.3,4.3,7.6
Jason Terry\terryja01,51,814,2.1,2.6,1.9,0.6,1.1,2.3,7.3
Demetrius Jackson\jacksde01,15,80,5.4,4.1,2.3,0.5,4.5,3.2,7.2
Kendrick Perkins\perkike01,1,15,2.4,4.8,2.4,0.0,2.4,2.4,7.2
Ekpe Udoh\udohek01,63,810,6.7,2.4,1.9,3.3,0.9,4.7,7.2
Derrick Walton\waltode01,16,147,3.9,3.9,1.7,0.7,0.5,1.7,7.1
Antonius Cleveland\clevean01,17,123,4.1,0.6,2.0,1.5,2.0,6.7,6.7
Andre Roberson\roberan03,39,1037,6.4,1.6,1.6,1.2,1.0,3.1,6.7
Ron Baker\bakerro01,29,385,2.8,4.4,2.4,0.6,1.7,3.1,6.6
Richard Jefferson\jefferi01,20,163,3.8,3.3,0.4,0.2,1.1,2.4,6.6
Chinanu Onuaku\onuakch01,1,22,6.5,1.6,0.0,0.0,4.9,6.5,6.5
Kadeem Allen\allenka01,18,107,3.7,4.0,1.0,0.7,3.0,5.0,6.4
Eric Moreland\moreler01,67,805,12.4,3.5,1.4,2.3,1.9,5.2,6.4
Zhou Qi\qizh01,18,124,6.4,0.6,0.6,4.1,2.9,4.1,6.4
Darrun Hilliard\hillida01,14,95,2.7,4.2,0.8,0.0,1.5,2.7,6.1
Semi Ojeleye\ojelese01,73,1150,5.0,0.6,0.7,0.1,0.8,2.8,6.1
Andrew Bogut\bogutan01,23,216,13.0,2.5,0.7,2.2,3.2,6.7,6.0
Josh Smith\smithjo03,3,12,12.0,0.0,0.0,0.0,0.0,9.0,6.0
Markel Brown\brownma02,4,31,5.8,2.3,0.0,0.0,2.3,7.0,5.8
Josh Huestis\huestjo01,69,982,5.9,0.7,0.5,1.6,1.0,3.0,5.8
Ryan Arcidiacono\arcidry01,24,304,3.0,4.1,1.5,0.0,1.5,2.1,5.7
Charles Cooke\cookech01,13,38,1.9,0.9,0.9,0.0,0.9,0.0,5.7
Solomon Hill\hillso01,12,187,6.9,4.2,1.3,0.2,1.7,4.2,5.6
Luol Deng\denglu01,1,13,0.0,2.8,2.8,0.0,2.8,0.0,5.5
Devin Robinson\robinde01,1,13,13.8,0.0,2.8,0.0,0.0,5.5,5.5
Marquis Teague\teaguma01,3,74,2.9,6.3,1.9,0.0,1.5,2.4,5.4
Xavier Munford\munfoxa02,6,21,1.7,6.9,1.7,0.0,3.4,6.9,5.1
DeAndre Liggins\liggide01,58,724,3.7,2.4,1.8,0.7,1.0,4.0,5.0
James Webb\webbja01,10,120,7.2,1.2,0.3,0.0,1.2,3.0,4.8
Matt Costello\costema01,4,32,10.1,2.3,2.3,2.3,1.1,7.9,4.5
Scotty Hopson\hopsosc01,1,8,0.0,4.5,0.0,0.0,4.5,0.0,4.5
Omer Asik\asikom01,18,182,9.3,0.6,0.4,0.8,1.8,4.0,4.4
Jacob Wiley\wileyja01,5,33,12.0,2.2,1.1,0.0,0.0,4.4,4.4
Udonis Haslem\hasleud01,14,72,5.0,2.5,0.0,1.0,1.0,1.5,4.0
Julyan Stone\stoneju01,23,175,6.0,5.3,0.8,0.4,1.4,4.3,3.9
London Perrantes\perralo01,14,66,2.2,2.7,1.1,0.5,0.5,3.3,3.8
Nate Wolters\woltena01,5,19,3.8,1.9,0.0,0.0,0.0,1.9,3.8
Vander Blue\blueva01,5,45,0.8,2.4,0.8,0.0,2.4,1.6,2.4
Chris Boucher\bouchch01,1,1,36.0,0.0,0.0,0.0,0.0,0.0,0.0
Nicolas Brussino\brussni01,4,10,10.8,0.0,0.0,0.0,0.0,0.0,0.0
Jarell Eddie\eddieja01,3,9,4.0,0.0,4.0,0.0,0.0,0.0,0.0
Mindaugas Kuzminskas\kuzmimi01,1,2,0.0,0.0,0.0,0.0,0.0,0.0,0.0
Tyler Lydon\lydonty01,1,2,0.0,0.0,0.0,0.0,0.0,0.0,0.0
Erik McCree\mccreer01,4,8,4.5,0.0,4.5,0.0,4.5,0.0,0.0
Trey McKinney-Jones\mckintr01,1,1,0.0,0.0,0.0,0.0,0.0,0.0,0.0
Josh McRoberts\mcrobjo01,2,6,0.0,0.0,0.0,0.0,0.0,12.0,0.0
Luis Montero\montelu01,2,8,9.0,0.0,0.0,0.0,9.0,0.0,0.0
Ben Moore\moorebe01,2,9,4.0,4.0,0.0,0.0,0.0,16.0,0.0
Xavier Silas\silasxa01,2,7,10.3,0.0,5.1,0.0,0.0,5.1,0.0
